tile_name,cell_id,source_image,fecha,row,col,center_x,center_y,n_delitos,poblacion,densidad,nivel_riesgo,nivel_predicho,correcto,prob_bajo,prob_medio,prob_alto
tile_00120_00144.tif,120_144,mosaico,mosaico,144,120,283187.29,8688211.37,0,,0.0,bajo,bajo,True,0.8416,0.0935,0.0649
tile_00125_00145.tif,125_145,mosaico,mosaico,145,125,284979.29,8687852.97,0,,0.0,bajo,bajo,True,0.8281,0.0538,0.1181
tile_00120_00146.tif,120_146,mosaico,mosaico,146,120,283187.29,8687494.57,0,,0.0,bajo,bajo,True,0.8871,0.0375,0.0755
tile_00121_00146.tif,121_146,mosaico,mosaico,146,121,283545.69,8687494.57,0,,0.0,bajo,bajo,True,0.8767,0.0425,0.0808
tile_00124_00146.tif,124_146,mosaico,mosaico,146,124,284620.89,8687494.57,0,,0.0,bajo,bajo,True,0.8574,0.0563,0.0863
tile_00133_00146.tif,133_146,mosaico,mosaico,146,133,287846.49,8687494.57,0,,0.0,bajo,bajo,True,0.8573,0.042,0.1007
tile_00126_00147.tif,126_147,mosaico,mosaico,147,126,285337.69,8687136.17,0,,0.0,bajo,bajo,True,0.8574,0.0484,0.0942
tile_00133_00147.tif,133_147,mosaico,mosaico,147,133,287846.49,8687136.17,0,,0.0,bajo,bajo,True,0.8975,0.0398,0.0626
tile_00121_00148.tif,121_148,mosaico,mosaico,148,121,283545.69,8686777.77,0,,0.0,bajo,bajo,True,0.8683,0.0427,0.089
tile_00122_00148.tif,122_148,mosaico,mosaico,148,122,283904.09,8686777.77,0,,0.0,bajo,bajo,True,0.8735,0.0453,0.0812
tile_00127_00148.tif,127_148,mosaico,mosaico,148,127,285696.09,8686777.77,0,,0.0,bajo,bajo,True,0.8716,0.0518,0.0766
tile_00129_00148.tif,129_148,mosaico,mosaico,148,129,286412.89,8686777.77,0,,0.0,bajo,bajo,True,0.9372,0.0151,0.0476
tile_00136_00148.tif,136_148,mosaico,mosaico,148,136,288921.69,8686777.77,0,,0.0,bajo,bajo,True,0.9108,0.031,0.0582
tile_00138_00148.tif,138_148,mosaico,mosaico,148,138,289638.49,8686777.77,0,,0.0,bajo,bajo,True,0.9171,0.0396,0.0433
tile_00139_00148.tif,139_148,mosaico,mosaico,148,139,289996.89,8686777.77,0,,0.0,bajo,bajo,True,0.8911,0.0523,0.0565
tile_00142_00148.tif,142_148,mosaico,mosaico,148,142,291072.09,8686777.77,0,,0.0,bajo,bajo,True,0.9036,0.0453,0.0511
tile_00123_00149.tif,123_149,mosaico,mosaico,149,123,284262.49,8686419.37,0,,0.0,bajo,bajo,True,0.8956,0.0338,0.0706
tile_00118_00150.tif,118_150,mosaico,mosaico,150,118,282470.49,8686060.97,0,,0.0,bajo,bajo,True,0.6655,0.2104,0.1242
tile_00122_00150.tif,122_150,mosaico,mosaico,150,122,283904.09,8686060.97,0,,0.0,bajo,bajo,True,0.874,0.0463,0.0797
tile_00129_00150.tif,129_150,mosaico,mosaico,150,129,286412.89,8686060.97,0,,0.0,bajo,bajo,True,0.9415,0.0201,0.0383
tile_00138_00150.tif,138_150,mosaico,mosaico,150,138,289638.49,8686060.97,0,,0.0,bajo,bajo,True,0.9049,0.036,0.0591
tile_00144_00150.tif,144_150,mosaico,mosaico,150,144,291788.89,8686060.97,0,,0.0,bajo,bajo,True,0.8223,0.0692,0.1085
tile_00145_00150.tif,145_150,mosaico,mosaico,150,145,292147.29,8686060.97,0,,0.0,bajo,bajo,True,0.8346,0.0613,0.104
tile_00120_00151.tif,120_151,mosaico,mosaico,151,120,283187.29,8685702.57,0,,0.0,bajo,bajo,True,0.8468,0.0666,0.0867
tile_00123_00151.tif,123_151,mosaico,mosaico,151,123,284262.49,8685702.57,0,,0.0,bajo,bajo,True,0.7721,0.0929,0.135
tile_00127_00151.tif,127_151,mosaico,mosaico,151,127,285696.09,8685702.57,0,,0.0,bajo,bajo,True,0.8896,0.0568,0.0536
tile_00129_00151.tif,129_151,mosaico,mosaico,151,129,286412.89,8685702.57,0,,0.0,bajo,bajo,True,0.7923,0.0756,0.1321
tile_00140_00151.tif,140_151,mosaico,mosaico,151,140,290355.29,8685702.57,0,,0.0,bajo,bajo,True,0.7991,0.108,0.0929
tile_00146_00151.tif,146_151,mosaico,mosaico,151,146,292505.69,8685702.57,0,,0.0,bajo,bajo,True,0.9315,0.0253,0.0431
tile_00129_00152.tif,129_152,mosaico,mosaico,152,129,286412.89,8685344.17,0,,0.0,bajo,bajo,True,0.6058,0.1977,0.1965
tile_00136_00152.tif,136_152,mosaico,mosaico,152,136,288921.69,8685344.17,0,,0.0,bajo,bajo,True,0.8248,0.0796,0.0956
tile_00117_00153.tif,117_153,mosaico,mosaico,153,117,282112.09,8684985.77,0,,0.0,bajo,bajo,True,0.9126,0.0292,0.0581
tile_00122_00153.tif,122_153,mosaico,mosaico,153,122,283904.09,8684985.77,0,,0.0,bajo,bajo,True,0.9054,0.0338,0.0608
tile_00128_00153.tif,128_153,mosaico,mosaico,153,128,286054.49,8684985.77,0,,0.0,bajo,bajo,True,0.8017,0.0844,0.1139
tile_00136_00153.tif,136_153,mosaico,mosaico,153,136,288921.69,8684985.77,0,,0.0,bajo,bajo,True,0.8434,0.0693,0.0873
tile_00143_00153.tif,143_153,mosaico,mosaico,153,143,291430.49,8684985.77,0,,0.0,bajo,bajo,True,0.9025,0.0311,0.0664
tile_00144_00153.tif,144_153,mosaico,mosaico,153,144,291788.89,8684985.77,0,,0.0,bajo,bajo,True,0.9123,0.0272,0.0605
tile_00118_00154.tif,118_154,mosaico,mosaico,154,118,282470.49,8684627.37,0,,0.0,bajo,bajo,True,0.8859,0.0342,0.0799
tile_00132_00154.tif,132_154,mosaico,mosaico,154,132,287488.09,8684627.37,0,,0.0,bajo,bajo,True,0.8182,0.0737,0.1082
tile_00135_00154.tif,135_154,mosaico,mosaico,154,135,288563.29,8684627.37,0,,0.0,bajo,bajo,True,0.7926,0.1196,0.0878
tile_00140_00154.tif,140_154,mosaico,mosaico,154,140,290355.29,8684627.37,0,,0.0,bajo,bajo,True,0.8719,0.0482,0.0799
tile_00143_00154.tif,143_154,mosaico,mosaico,154,143,291430.49,8684627.37,0,,0.0,bajo,bajo,True,0.8993,0.0447,0.056
tile_00124_00155.tif,124_155,mosaico,mosaico,155,124,284620.89,8684268.97,0,,0.0,bajo,bajo,True,0.9031,0.0393,0.0576
tile_00125_00155.tif,125_155,mosaico,mosaico,155,125,284979.29,8684268.97,0,,0.0,bajo,bajo,True,0.9113,0.0372,0.0516
tile_00139_00155.tif,139_155,mosaico,mosaico,155,139,289996.89,8684268.97,0,,0.0,bajo,bajo,True,0.8888,0.0547,0.0566
tile_00120_00156.tif,120_156,mosaico,mosaico,156,120,283187.29,8683910.57,0,,0.0,bajo,bajo,True,0.834,0.0688,0.0972
tile_00134_00156.tif,134_156,mosaico,mosaico,156,134,288204.89,8683910.57,0,,0.0,bajo,bajo,True,0.6546,0.2554,0.09
tile_00137_00156.tif,137_156,mosaico,mosaico,156,137,289280.09,8683910.57,0,,0.0,bajo,bajo,True,0.898,0.0416,0.0604
tile_00118_00157.tif,118_157,mosaico,mosaico,157,118,282470.49,8683552.17,0,,0.0,bajo,bajo,True,0.8631,0.0537,0.0832
tile_00140_00157.tif,140_157,mosaico,mosaico,157,140,290355.29,8683552.17,0,,0.0,bajo,bajo,True,0.8891,0.0385,0.0724
tile_00129_00158.tif,129_158,mosaico,mosaico,158,129,286412.89,8683193.77,0,,0.0,bajo,bajo,True,0.5452,0.3255,0.1293
tile_00140_00158.tif,140_158,mosaico,mosaico,158,140,290355.29,8683193.77,0,,0.0,bajo,bajo,True,0.9223,0.0309,0.0468
tile_00141_00158.tif,141_158,mosaico,mosaico,158,141,290713.69,8683193.77,0,,0.0,bajo,bajo,True,0.8953,0.0422,0.0624
tile_00142_00158.tif,142_158,mosaico,mosaico,158,142,291072.09,8683193.77,0,,0.0,bajo,bajo,True,0.8847,0.0378,0.0775
tile_00118_00159.tif,118_159,mosaico,mosaico,159,118,282470.49,8682835.37,0,,0.0,bajo,bajo,True,0.8803,0.0326,0.087
tile_00135_00159.tif,135_159,mosaico,mosaico,159,135,288563.29,8682835.37,0,,0.0,bajo,bajo,True,0.8716,0.0491,0.0793
tile_00114_00160.tif,114_160,mosaico,mosaico,160,114,281036.89,8682476.97,0,,0.0,bajo,bajo,True,0.481,0.301,0.2181
tile_00124_00160.tif,124_160,mosaico,mosaico,160,124,284620.89,8682476.97,0,,0.0,bajo,bajo,True,0.7973,0.1333,0.0693
tile_00127_00160.tif,127_160,mosaico,mosaico,160,127,285696.09,8682476.97,0,,0.0,bajo,medio,False,0.2646,0.5686,0.1667
tile_00128_00160.tif,128_160,mosaico,mosaico,160,128,286054.49,8682476.97,0,,0.0,bajo,medio,False,0.409,0.4346,0.1564
tile_00131_00160.tif,131_160,mosaico,mosaico,160,131,287129.69,8682476.97,0,,0.0,bajo,bajo,True,0.6412,0.2035,0.1553
tile_00141_00160.tif,141_160,mosaico,mosaico,160,141,290713.69,8682476.97,0,,0.0,bajo,bajo,True,0.9253,0.0245,0.0502
tile_00127_00161.tif,127_161,mosaico,mosaico,161,127,285696.09,8682118.57,1,,1.0,medio,medio,True,0.2331,0.5984,0.1685
tile_00140_00161.tif,140_161,mosaico,mosaico,161,140,290355.29,8682118.57,0,,0.0,bajo,bajo,True,0.8759,0.0503,0.0738
tile_00114_00162.tif,114_162,mosaico,mosaico,162,114,281036.89,8681760.17,0,,0.0,bajo,bajo,True,0.6355,0.2593,0.1052
tile_00116_00162.tif,116_162,mosaico,mosaico,162,116,281753.69,8681760.17,0,,0.0,bajo,bajo,True,0.8804,0.0325,0.0871
tile_00120_00162.tif,120_162,mosaico,mosaico,162,120,283187.29,8681760.17,0,,0.0,bajo,bajo,True,0.8657,0.0558,0.0785
tile_00121_00162.tif,121_162,mosaico,mosaico,162,121,283545.69,8681760.17,0,,0.0,bajo,bajo,True,0.8877,0.0471,0.0652
tile_00142_00162.tif,142_162,mosaico,mosaico,162,142,291072.09,8681760.17,0,,0.0,bajo,bajo,True,0.9116,0.0218,0.0667
tile_00123_00163.tif,123_163,mosaico,mosaico,163,123,284262.49,8681401.77,0,,0.0,bajo,bajo,True,0.8576,0.0581,0.0843
tile_00135_00163.tif,135_163,mosaico,mosaico,163,135,288563.29,8681401.77,0,,0.0,bajo,bajo,True,0.9112,0.0464,0.0424
tile_00136_00163.tif,136_163,mosaico,mosaico,163,136,288921.69,8681401.77,0,,0.0,bajo,bajo,True,0.8993,0.0502,0.0505
tile_00139_00163.tif,139_163,mosaico,mosaico,163,139,289996.89,8681401.77,0,,0.0,bajo,bajo,True,0.9201,0.0342,0.0457
tile_00117_00164.tif,117_164,mosaico,mosaico,164,117,282112.09,8681043.37,0,,0.0,bajo,bajo,True,0.8886,0.0434,0.0679
tile_00121_00164.tif,121_164,mosaico,mosaico,164,121,283545.69,8681043.37,0,,0.0,bajo,bajo,True,0.6792,0.2077,0.1132
tile_00123_00164.tif,123_164,mosaico,mosaico,164,123,284262.49,8681043.37,0,,0.0,bajo,bajo,True,0.7433,0.1019,0.1548
tile_00126_00164.tif,126_164,mosaico,mosaico,164,126,285337.69,8681043.37,0,,0.0,bajo,bajo,True,0.7685,0.1358,0.0958
tile_00127_00164.tif,127_164,mosaico,mosaico,164,127,285696.09,8681043.37,1,,1.0,medio,medio,True,0.3637,0.4246,0.2116
tile_00134_00164.tif,134_164,mosaico,mosaico,164,134,288204.89,8681043.37,0,,0.0,bajo,bajo,True,0.8853,0.0648,0.0499
tile_00141_00164.tif,141_164,mosaico,mosaico,164,141,290713.69,8681043.37,0,,0.0,bajo,bajo,True,0.9234,0.0287,0.0479
tile_00142_00164.tif,142_164,mosaico,mosaico,164,142,291072.09,8681043.37,0,,0.0,bajo,bajo,True,0.9178,0.0288,0.0533
tile_00131_00165.tif,131_165,mosaico,mosaico,165,131,287129.69,8680684.97,1,,1.0,medio,medio,True,0.1861,0.6457,0.1682
tile_00132_00165.tif,132_165,mosaico,mosaico,165,132,287488.09,8680684.97,0,,0.0,bajo,bajo,True,0.5805,0.2578,0.1617
tile_00136_00165.tif,136_165,mosaico,mosaico,165,136,288921.69,8680684.97,0,,0.0,bajo,bajo,True,0.905,0.0397,0.0552
tile_00112_00166.tif,112_166,mosaico,mosaico,166,112,280320.09,8680326.57,0,,0.0,bajo,bajo,True,0.8834,0.0497,0.067
tile_00115_00166.tif,115_166,mosaico,mosaico,166,115,281395.29,8680326.57,0,,0.0,bajo,bajo,True,0.7899,0.0659,0.1441
tile_00116_00166.tif,116_166,mosaico,mosaico,166,116,281753.69,8680326.57,0,,0.0,bajo,bajo,True,0.7809,0.102,0.1171
tile_00118_00166.tif,118_166,mosaico,mosaico,166,118,282470.49,8680326.57,0,,0.0,bajo,bajo,True,0.6243,0.2334,0.1423
tile_00123_00166.tif,123_166,mosaico,mosaico,166,123,284262.49,8680326.57,0,,0.0,bajo,bajo,True,0.5339,0.3297,0.1364
tile_00130_00166.tif,130_166,mosaico,mosaico,166,130,286771.29,8680326.57,1,,1.0,medio,medio,True,0.1872,0.618,0.1948
tile_00133_00166.tif,133_166,mosaico,mosaico,166,133,287846.49,8680326.57,0,,0.0,bajo,medio,False,0.3057,0.5385,0.1558
tile_00119_00167.tif,119_167,mosaico,mosaico,167,119,282828.89,8679968.17,0,,0.0,bajo,bajo,True,0.7932,0.1118,0.0951
tile_00128_00167.tif,128_167,mosaico,mosaico,167,128,286054.49,8679968.17,1,,1.0,medio,medio,True,0.1511,0.7203,0.1286
tile_00129_00167.tif,129_167,mosaico,mosaico,167,129,286412.89,8679968.17,0,,0.0,bajo,medio,False,0.1703,0.6208,0.209
tile_00130_00167.tif,130_167,mosaico,mosaico,167,130,286771.29,8679968.17,0,,0.0,bajo,medio,False,0.3122,0.5569,0.1309
tile_00137_00167.tif,137_167,mosaico,mosaico,167,137,289280.09,8679968.17,0,,0.0,bajo,bajo,True,0.8447,0.071,0.0842
tile_00138_00167.tif,138_167,mosaico,mosaico,167,138,289638.49,8679968.17,0,,0.0,bajo,bajo,True,0.8286,0.0753,0.0961
tile_00139_00167.tif,139_167,mosaico,mosaico,167,139,289996.89,8679968.17,0,,0.0,bajo,bajo,True,0.9067,0.0264,0.0669
tile_00113_00168.tif,113_168,mosaico,mosaico,168,113,280678.49,8679609.77,0,,0.0,bajo,bajo,True,0.8047,0.0793,0.1159
tile_00118_00168.tif,118_168,mosaico,mosaico,168,118,282470.49,8679609.77,2,,2.0,medio,bajo,False,0.535,0.3026,0.1625
tile_00121_00168.tif,121_168,mosaico,mosaico,168,121,283545.69,8679609.77,0,,0.0,bajo,medio,False,0.2194,0.5891,0.1915
tile_00125_00168.tif,125_168,mosaico,mosaico,168,125,284979.29,8679609.77,1,,1.0,medio,medio,True,0.1988,0.6481,0.1531
tile_00129_00168.tif,129_168,mosaico,mosaico,168,129,286412.89,8679609.77,0,,0.0,bajo,bajo,True,0.5032,0.3709,0.1259
tile_00131_00168.tif,131_168,mosaico,mosaico,168,131,287129.69,8679609.77,0,,0.0,bajo,medio,False,0.1975,0.6328,0.1697
tile_00132_00168.tif,132_168,mosaico,mosaico,168,132,287488.09,8679609.77,0,,0.0,bajo,bajo,True,0.5796,0.2419,0.1785
tile_00135_00168.tif,135_168,mosaico,mosaico,168,135,288563.29,8679609.77,0,,0.0,bajo,bajo,True,0.7267,0.1516,0.1217
tile_00136_00168.tif,136_168,mosaico,mosaico,168,136,288921.69,8679609.77,0,,0.0,bajo,bajo,True,0.8257,0.0904,0.084
tile_00114_00169.tif,114_169,mosaico,mosaico,169,114,281036.89,8679251.37,0,,0.0,bajo,bajo,True,0.6035,0.2444,0.1521
tile_00118_00169.tif,118_169,mosaico,mosaico,169,118,282470.49,8679251.37,0,,0.0,bajo,medio,False,0.2873,0.479,0.2338
tile_00132_00169.tif,132_169,mosaico,mosaico,169,132,287488.09,8679251.37,0,,0.0,bajo,medio,False,0.3906,0.4533,0.1561
tile_00122_00170.tif,122_170,mosaico,mosaico,170,122,283904.09,8678892.97,1,,1.0,medio,medio,True,0.1292,0.6098,0.2611
tile_00124_00170.tif,124_170,mosaico,mosaico,170,124,284620.89,8678892.97,0,,0.0,bajo,medio,False,0.0756,0.6645,0.2599
tile_00133_00170.tif,133_170,mosaico,mosaico,170,133,287846.49,8678892.97,0,,0.0,bajo,medio,False,0.3238,0.454,0.2222
tile_00135_00170.tif,135_170,mosaico,mosaico,170,135,288563.29,8678892.97,0,,0.0,bajo,bajo,True,0.7445,0.0949,0.1606
tile_00136_00170.tif,136_170,mosaico,mosaico,170,136,288921.69,8678892.97,0,,0.0,bajo,bajo,True,0.8666,0.0422,0.0912
tile_00115_00171.tif,115_171,mosaico,mosaico,171,115,281395.29,8678534.57,0,,0.0,bajo,medio,False,0.3936,0.4799,0.1265
tile_00117_00171.tif,117_171,mosaico,mosaico,171,117,282112.09,8678534.57,0,,0.0,bajo,bajo,True,0.8626,0.049,0.0884
tile_00119_00171.tif,119_171,mosaico,mosaico,171,119,282828.89,8678534.57,0,,0.0,bajo,bajo,True,0.5286,0.287,0.1844
tile_00123_00171.tif,123_171,mosaico,mosaico,171,123,284262.49,8678534.57,5,,5.0,alto,medio,False,0.0983,0.6375,0.2642
tile_00124_00171.tif,124_171,mosaico,mosaico,171,124,284620.89,8678534.57,2,,2.0,medio,medio,True,0.071,0.6834,0.2457
tile_00127_00171.tif,127_171,mosaico,mosaico,171,127,285696.09,8678534.57,0,,0.0,bajo,bajo,True,0.5713,0.2231,0.2056
tile_00112_00172.tif,112_172,mosaico,mosaico,172,112,280320.09,8678176.17,0,,0.0,bajo,bajo,True,0.9034,0.0295,0.0671
tile_00126_00172.tif,126_172,mosaico,mosaico,172,126,285337.69,8678176.17,0,,0.0,bajo,bajo,True,0.544,0.2573,0.1986
tile_00132_00172.tif,132_172,mosaico,mosaico,172,132,287488.09,8678176.17,0,,0.0,bajo,bajo,True,0.8684,0.0383,0.0932
tile_00113_00173.tif,113_173,mosaico,mosaico,173,113,280678.49,8677817.77,0,,0.0,bajo,bajo,True,0.8892,0.033,0.0778
tile_00126_00173.tif,126_173,mosaico,mosaico,173,126,285337.69,8677817.77,0,,0.0,bajo,bajo,True,0.6879,0.1327,0.1794
tile_00128_00173.tif,128_173,mosaico,mosaico,173,128,286054.49,8677817.77,0,,0.0,bajo,bajo,True,0.7662,0.1223,0.1116
tile_00139_00173.tif,139_173,mosaico,mosaico,173,139,289996.89,8677817.77,0,,0.0,bajo,bajo,True,0.8534,0.0798,0.0668
tile_00122_00174.tif,122_174,mosaico,mosaico,174,122,283904.09,8677459.37,1,,1.0,medio,medio,True,0.1353,0.6277,0.237
tile_00131_00174.tif,131_174,mosaico,mosaico,174,131,287129.69,8677459.37,0,,0.0,bajo,bajo,True,0.9041,0.0288,0.0671
tile_00145_00174.tif,145_174,mosaico,mosaico,174,145,292147.29,8677459.37,0,,0.0,bajo,bajo,True,0.9235,0.0173,0.0593
tile_00147_00174.tif,147_174,mosaico,mosaico,174,147,292864.09,8677459.37,0,,0.0,bajo,bajo,True,0.9162,0.0266,0.0572
tile_00115_00175.tif,115_175,mosaico,mosaico,175,115,281395.29,8677100.97,0,,0.0,bajo,medio,False,0.2806,0.547,0.1724
tile_00116_00175.tif,116_175,mosaico,mosaico,175,116,281753.69,8677100.97,0,,0.0,bajo,medio,False,0.1171,0.7068,0.1762
tile_00136_00175.tif,136_175,mosaico,mosaico,175,136,288921.69,8677100.97,0,,0.0,bajo,bajo,True,0.9256,0.0336,0.0408
tile_00150_00175.tif,150_175,mosaico,mosaico,175,150,293939.29,8677100.97,0,,0.0,bajo,bajo,True,0.8464,0.0693,0.0843
tile_00111_00176.tif,111_176,mosaico,mosaico,176,111,279961.69,8676742.57,0,,0.0,bajo,bajo,True,0.871,0.0428,0.0862
tile_00114_00176.tif,114_176,mosaico,mosaico,176,114,281036.89,8676742.57,0,,0.0,bajo,medio,False,0.3744,0.4808,0.1448
tile_00150_00176.tif,150_176,mosaico,mosaico,176,150,293939.29,8676742.57,1,,1.0,medio,bajo,False,0.6794,0.2137,0.1069
tile_00125_00177.tif,125_177,mosaico,mosaico,177,125,284979.29,8676384.17,0,,0.0,bajo,medio,False,0.2991,0.4612,0.2397
tile_00127_00177.tif,127_177,mosaico,mosaico,177,127,285696.09,8676384.17,0,,0.0,bajo,bajo,True,0.4315,0.4071,0.1614
tile_00136_00177.tif,136_177,mosaico,mosaico,177,136,288921.69,8676384.17,0,,0.0,bajo,bajo,True,0.6182,0.2644,0.1175
tile_00111_00178.tif,111_178,mosaico,mosaico,178,111,279961.69,8676025.77,0,,0.0,bajo,bajo,True,0.8701,0.0517,0.0782
tile_00112_00178.tif,112_178,mosaico,mosaico,178,112,280320.09,8676025.77,0,,0.0,bajo,bajo,True,0.8799,0.052,0.0682
tile_00126_00178.tif,126_178,mosaico,mosaico,178,126,285337.69,8676025.77,0,,0.0,bajo,bajo,True,0.7256,0.1521,0.1223
tile_00110_00179.tif,110_179,mosaico,mosaico,179,110,279603.29,8675667.37,0,,0.0,bajo,bajo,True,0.8993,0.0341,0.0666
tile_00121_00179.tif,121_179,mosaico,mosaico,179,121,283545.69,8675667.37,0,,0.0,bajo,medio,False,0.2371,0.5411,0.2218
tile_00135_00179.tif,135_179,mosaico,mosaico,179,135,288563.29,8675667.37,1,,1.0,medio,medio,True,0.2026,0.6777,0.1196
tile_00138_00179.tif,138_179,mosaico,mosaico,179,138,289638.49,8675667.37,0,,0.0,bajo,bajo,True,0.7849,0.1451,0.07
tile_00145_00179.tif,145_179,mosaico,mosaico,179,145,292147.29,8675667.37,0,,0.0,bajo,bajo,True,0.8316,0.1144,0.054
tile_00150_00179.tif,150_179,mosaico,mosaico,179,150,293939.29,8675667.37,0,,0.0,bajo,bajo,True,0.6212,0.3203,0.0585
tile_00110_00180.tif,110_180,mosaico,mosaico,180,110,279603.29,8675308.97,0,,0.0,bajo,bajo,True,0.8858,0.0596,0.0546
tile_00116_00180.tif,116_180,mosaico,mosaico,180,116,281753.69,8675308.97,1,,1.0,medio,medio,True,0.1125,0.6072,0.2803
tile_00122_00180.tif,122_180,mosaico,mosaico,180,122,283904.09,8675308.97,1,,1.0,medio,bajo,False,0.4374,0.3741,0.1885
tile_00128_00180.tif,128_180,mosaico,mosaico,180,128,286054.49,8675308.97,0,,0.0,bajo,bajo,True,0.7435,0.1133,0.1432
tile_00133_00180.tif,133_180,mosaico,mosaico,180,133,287846.49,8675308.97,0,,0.0,bajo,bajo,True,0.6453,0.2392,0.1155
tile_00141_00180.tif,141_180,mosaico,mosaico,180,141,290713.69,8675308.97,0,,0.0,bajo,bajo,True,0.8134,0.1181,0.0686
tile_00119_00181.tif,119_181,mosaico,mosaico,181,119,282828.89,8674950.57,0,,0.0,bajo,medio,False,0.0728,0.6334,0.2938
tile_00123_00181.tif,123_181,mosaico,mosaico,181,123,284262.49,8674950.57,0,,0.0,bajo,bajo,True,0.4547,0.3619,0.1834
tile_00124_00181.tif,124_181,mosaico,mosaico,181,124,284620.89,8674950.57,1,,1.0,medio,bajo,False,0.6008,0.238,0.1612
tile_00126_00181.tif,126_181,mosaico,mosaico,181,126,285337.69,8674950.57,0,,0.0,bajo,bajo,True,0.8601,0.0454,0.0945
tile_00129_00181.tif,129_181,mosaico,mosaico,181,129,286412.89,8674950.57,0,,0.0,bajo,bajo,True,0.8408,0.0588,0.1004
tile_00131_00181.tif,131_181,mosaico,mosaico,181,131,287129.69,8674950.57,0,,0.0,bajo,bajo,True,0.7886,0.0916,0.1197
tile_00134_00181.tif,134_181,mosaico,mosaico,181,134,288204.89,8674950.57,0,,0.0,bajo,bajo,True,0.4677,0.4416,0.0907
tile_00137_00181.tif,137_181,mosaico,mosaico,181,137,289280.09,8674950.57,1,,1.0,medio,bajo,False,0.5843,0.265,0.1506
tile_00143_00181.tif,143_181,mosaico,mosaico,181,143,291430.49,8674950.57,1,,1.0,medio,bajo,False,0.4711,0.4048,0.1241
tile_00110_00182.tif,110_182,mosaico,mosaico,182,110,279603.29,8674592.17,0,,0.0,bajo,bajo,True,0.7605,0.1373,0.1022
tile_00141_00182.tif,141_182,mosaico,mosaico,182,141,290713.69,8674592.17,0,,0.0,bajo,bajo,True,0.813,0.1157,0.0713
tile_00145_00182.tif,145_182,mosaico,mosaico,182,145,292147.29,8674592.17,1,,1.0,medio,bajo,False,0.7024,0.2006,0.097
tile_00114_00183.tif,114_183,mosaico,mosaico,183,114,281036.89,8674233.77,3,,3.0,medio,medio,True,0.1672,0.4969,0.3358
tile_00115_00183.tif,115_183,mosaico,mosaico,183,115,281395.29,8674233.77,9,,9.0,alto,alto,True,0.0601,0.2641,0.6757
tile_00128_00183.tif,128_183,mosaico,mosaico,183,128,286054.49,8674233.77,0,,0.0,bajo,bajo,True,0.8449,0.0542,0.1009
tile_00135_00183.tif,135_183,mosaico,mosaico,183,135,288563.29,8674233.77,4,,4.0,alto,medio,False,0.2459,0.5712,0.1828
tile_00141_00183.tif,141_183,mosaico,mosaico,183,141,290713.69,8674233.77,0,,0.0,bajo,medio,False,0.4294,0.4564,0.1142
tile_00142_00183.tif,142_183,mosaico,mosaico,183,142,291072.09,8674233.77,0,,0.0,bajo,bajo,True,0.5721,0.3254,0.1025
tile_00143_00183.tif,143_183,mosaico,mosaico,183,143,291430.49,8674233.77,0,,0.0,bajo,bajo,True,0.7812,0.1554,0.0634
tile_00117_00184.tif,117_184,mosaico,mosaico,184,117,282112.09,8673875.37,3,,3.0,medio,medio,True,0.0862,0.6585,0.2553
tile_00131_00185.tif,131_185,mosaico,mosaico,185,131,287129.69,8673516.97,0,,0.0,bajo,bajo,True,0.6648,0.2087,0.1265
tile_00142_00185.tif,142_185,mosaico,mosaico,185,142,291072.09,8673516.97,0,,0.0,bajo,medio,False,0.3046,0.6066,0.0888
tile_00145_00185.tif,145_185,mosaico,mosaico,185,145,292147.29,8673516.97,0,,0.0,bajo,medio,False,0.451,0.4991,0.0499
tile_00147_00185.tif,147_185,mosaico,mosaico,185,147,292864.09,8673516.97,0,,0.0,bajo,medio,False,0.3904,0.5022,0.1073
tile_00110_00186.tif,110_186,mosaico,mosaico,186,110,279603.29,8673158.57,0,,0.0,bajo,bajo,True,0.8375,0.0688,0.0937
tile_00122_00186.tif,122_186,mosaico,mosaico,186,122,283904.09,8673158.57,0,,0.0,bajo,bajo,True,0.9073,0.0225,0.0702
tile_00128_00186.tif,128_186,mosaico,mosaico,186,128,286054.49,8673158.57,0,,0.0,bajo,bajo,True,0.8362,0.0489,0.1148
tile_00129_00186.tif,129_186,mosaico,mosaico,186,129,286412.89,8673158.57,0,,0.0,bajo,bajo,True,0.8361,0.0462,0.1177
tile_00130_00186.tif,130_186,mosaico,mosaico,186,130,286771.29,8673158.57,0,,0.0,bajo,bajo,True,0.8033,0.0617,0.1351
tile_00140_00186.tif,140_186,mosaico,mosaico,186,140,290355.29,8673158.57,0,,0.0,bajo,bajo,True,0.6493,0.2327,0.118
tile_00142_00186.tif,142_186,mosaico,mosaico,186,142,291072.09,8673158.57,1,,1.0,medio,bajo,False,0.6671,0.2737,0.0592
tile_00147_00186.tif,147_186,mosaico,mosaico,186,147,292864.09,8673158.57,2,,2.0,medio,medio,True,0.2878,0.6216,0.0905
tile_00115_00187.tif,115_187,mosaico,mosaico,187,115,281395.29,8672800.17,4,,4.0,alto,medio,False,0.2185,0.459,0.3226
tile_00132_00187.tif,132_187,mosaico,mosaico,187,132,287488.09,8672800.17,0,,0.0,bajo,bajo,True,0.9051,0.0296,0.0653
tile_00133_00187.tif,133_187,mosaico,mosaico,187,133,287846.49,8672800.17,0,,0.0,bajo,bajo,True,0.9097,0.0459,0.0444
tile_00135_00187.tif,135_187,mosaico,mosaico,187,135,288563.29,8672800.17,0,,0.0,bajo,bajo,True,0.8525,0.0752,0.0722
tile_00138_00187.tif,138_187,mosaico,mosaico,187,138,289638.49,8672800.17,1,,1.0,medio,medio,True,0.3828,0.5203,0.0969
tile_00141_00187.tif,141_187,mosaico,mosaico,187,141,290713.69,8672800.17,1,,1.0,medio,medio,True,0.3288,0.6023,0.0689
tile_00143_00187.tif,143_187,mosaico,mosaico,187,143,291430.49,8672800.17,0,,0.0,bajo,medio,False,0.3942,0.5007,0.1051
tile_00123_00188.tif,123_188,mosaico,mosaico,188,123,284262.49,8672441.77,0,,0.0,bajo,bajo,True,0.6497,0.1295,0.2208
tile_00146_00188.tif,146_188,mosaico,mosaico,188,146,292505.69,8672441.77,0,,0.0,bajo,medio,False,0.2091,0.6269,0.1639
tile_00111_00189.tif,111_189,mosaico,mosaico,189,111,279961.69,8672083.37,0,,0.0,bajo,bajo,True,0.8378,0.0893,0.0729
tile_00116_00189.tif,116_189,mosaico,mosaico,189,116,281753.69,8672083.37,4,,4.0,alto,alto,True,0.0244,0.3244,0.6512
tile_00117_00189.tif,117_189,mosaico,mosaico,189,117,282112.09,8672083.37,6,,6.0,alto,medio,False,0.1255,0.5401,0.3344
tile_00124_00189.tif,124_189,mosaico,mosaico,189,124,284620.89,8672083.37,0,,0.0,bajo,bajo,True,0.8522,0.0377,0.1101
tile_00125_00189.tif,125_189,mosaico,mosaico,189,125,284979.29,8672083.37,0,,0.0,bajo,bajo,True,0.8901,0.0252,0.0847
tile_00131_00189.tif,131_189,mosaico,mosaico,189,131,287129.69,8672083.37,0,,0.0,bajo,bajo,True,0.6399,0.2134,0.1467
tile_00134_00189.tif,134_189,mosaico,mosaico,189,134,288204.89,8672083.37,0,,0.0,bajo,bajo,True,0.9353,0.0239,0.0407
tile_00145_00189.tif,145_189,mosaico,mosaico,189,145,292147.29,8672083.37,4,,4.0,alto,medio,False,0.4017,0.4466,0.1518
tile_00107_00190.tif,107_190,mosaico,mosaico,190,107,278528.09,8671724.97,0,,0.0,bajo,medio,False,0.2895,0.5747,0.1357
tile_00119_00190.tif,119_190,mosaico,mosaico,190,119,282828.89,8671724.97,1,,1.0,medio,medio,True,0.3305,0.476,0.1935
tile_00123_00190.tif,123_190,mosaico,mosaico,190,123,284262.49,8671724.97,0,,0.0,bajo,bajo,True,0.8147,0.0957,0.0896
tile_00126_00190.tif,126_190,mosaico,mosaico,190,126,285337.69,8671724.97,0,,0.0,bajo,bajo,True,0.8778,0.0319,0.0903
tile_00140_00190.tif,140_190,mosaico,mosaico,190,140,290355.29,8671724.97,0,,0.0,bajo,bajo,True,0.7929,0.1818,0.0252
tile_00145_00190.tif,145_190,mosaico,mosaico,190,145,292147.29,8671724.97,1,,1.0,medio,medio,True,0.4207,0.482,0.0973
tile_00107_00191.tif,107_191,mosaico,mosaico,191,107,278528.09,8671366.57,2,,2.0,medio,medio,True,0.3222,0.4767,0.201
tile_00110_00191.tif,110_191,mosaico,mosaico,191,110,279603.29,8671366.57,0,,0.0,bajo,bajo,True,0.8971,0.0463,0.0566
tile_00111_00191.tif,111_191,mosaico,mosaico,191,111,279961.69,8671366.57,0,,0.0,bajo,bajo,True,0.7747,0.1633,0.062
tile_00116_00191.tif,116_191,mosaico,mosaico,191,116,281753.69,8671366.57,2,,2.0,medio,alto,False,0.1183,0.3153,0.5664
tile_00117_00191.tif,117_191,mosaico,mosaico,191,117,282112.09,8671366.57,1,,1.0,medio,bajo,False,0.4353,0.4143,0.1504
tile_00124_00191.tif,124_191,mosaico,mosaico,191,124,284620.89,8671366.57,0,,0.0,bajo,bajo,True,0.5065,0.3046,0.1889
tile_00125_00191.tif,125_191,mosaico,mosaico,191,125,284979.29,8671366.57,0,,0.0,bajo,bajo,True,0.8716,0.0373,0.0911
tile_00127_00191.tif,127_191,mosaico,mosaico,191,127,285696.09,8671366.57,0,,0.0,bajo,bajo,True,0.7588,0.1221,0.1192
tile_00129_00191.tif,129_191,mosaico,mosaico,191,129,286412.89,8671366.57,1,,1.0,medio,medio,True,0.1098,0.7358,0.1544
tile_00142_00191.tif,142_191,mosaico,mosaico,191,142,291072.09,8671366.57,1,,1.0,medio,bajo,False,0.4531,0.3541,0.1928
tile_00146_00191.tif,146_191,mosaico,mosaico,191,146,292505.69,8671366.57,1,,1.0,medio,medio,True,0.2329,0.6381,0.1291
tile_00108_00192.tif,108_192,mosaico,mosaico,192,108,278886.49,8671008.17,1,,1.0,medio,medio,True,0.3022,0.5755,0.1224
tile_00111_00192.tif,111_192,mosaico,mosaico,192,111,279961.69,8671008.17,0,,0.0,bajo,bajo,True,0.798,0.0854,0.1166
tile_00115_00192.tif,115_192,mosaico,mosaico,192,115,281395.29,8671008.17,1,,1.0,medio,alto,False,0.2236,0.3511,0.4253
tile_00116_00192.tif,116_192,mosaico,mosaico,192,116,281753.69,8671008.17,1,,1.0,medio,alto,False,0.3086,0.2752,0.4161
tile_00123_00192.tif,123_192,mosaico,mosaico,192,123,284262.49,8671008.17,2,,2.0,medio,medio,True,0.3189,0.4787,0.2024
tile_00125_00192.tif,125_192,mosaico,mosaico,192,125,284979.29,8671008.17,0,,0.0,bajo,bajo,True,0.8981,0.0318,0.0701
tile_00139_00192.tif,139_192,mosaico,mosaico,192,139,289996.89,8671008.17,2,,2.0,medio,medio,True,0.4177,0.4972,0.0851
tile_00107_00193.tif,107_193,mosaico,mosaico,193,107,278528.09,8670649.77,1,,1.0,medio,medio,True,0.1607,0.633,0.2063
tile_00108_00193.tif,108_193,mosaico,mosaico,193,108,278886.49,8670649.77,2,,2.0,medio,medio,True,0.1798,0.7019,0.1182
tile_00125_00193.tif,125_193,mosaico,mosaico,193,125,284979.29,8670649.77,0,,0.0,bajo,bajo,True,0.7483,0.1423,0.1094
tile_00126_00193.tif,126_193,mosaico,mosaico,193,126,285337.69,8670649.77,2,,2.0,medio,medio,True,0.3136,0.4682,0.2182
tile_00135_00193.tif,135_193,mosaico,mosaico,193,135,288563.29,8670649.77,1,,1.0,medio,medio,True,0.2433,0.4269,0.3298
tile_00136_00193.tif,136_193,mosaico,mosaico,193,136,288921.69,8670649.77,2,,2.0,medio,alto,False,0.2178,0.3719,0.4103
tile_00137_00193.tif,137_193,mosaico,mosaico,193,137,289280.09,8670649.77,2,,2.0,medio,medio,True,0.2259,0.4108,0.3633
tile_00107_00194.tif,107_194,mosaico,mosaico,194,107,278528.09,8670291.37,0,,0.0,bajo,medio,False,0.3582,0.5611,0.0807
tile_00115_00194.tif,115_194,mosaico,mosaico,194,115,281395.29,8670291.37,0,,0.0,bajo,alto,False,0.0545,0.4248,0.5207
tile_00118_00194.tif,118_194,mosaico,mosaico,194,118,282470.49,8670291.37,1,,1.0,medio,medio,True,0.1252,0.4802,0.3947
tile_00119_00194.tif,119_194,mosaico,mosaico,194,119,282828.89,8670291.37,2,,2.0,medio,alto,False,0.2932,0.3305,0.3763
tile_00137_00194.tif,137_194,mosaico,mosaico,194,137,289280.09,8670291.37,0,,0.0,bajo,bajo,True,0.5934,0.2946,0.112
tile_00140_00194.tif,140_194,mosaico,mosaico,194,140,290355.29,8670291.37,0,,0.0,bajo,bajo,True,0.6811,0.1539,0.165
tile_00145_00194.tif,145_194,mosaico,mosaico,194,145,292147.29,8670291.37,6,,6.0,alto,medio,False,0.198,0.4587,0.3433
tile_00111_00195.tif,111_195,mosaico,mosaico,195,111,279961.69,8669932.97,0,,0.0,bajo,bajo,True,0.878,0.0491,0.0728
tile_00116_00195.tif,116_195,mosaico,mosaico,195,116,281753.69,8669932.97,2,,2.0,medio,medio,True,0.1572,0.4975,0.3453
tile_00118_00195.tif,118_195,mosaico,mosaico,195,118,282470.49,8669932.97,23,,23.0,alto,alto,True,0.0193,0.0897,0.891
tile_00122_00195.tif,122_195,mosaico,mosaico,195,122,283904.09,8669932.97,2,,2.0,medio,alto,False,0.0716,0.1843,0.7442
tile_00141_00195.tif,141_195,mosaico,mosaico,195,141,290713.69,8669932.97,0,,0.0,bajo,alto,False,0.1439,0.4192,0.4369
tile_00144_00195.tif,144_195,mosaico,mosaico,195,144,291788.89,8669932.97,2,,2.0,medio,medio,True,0.1934,0.4105,0.396
tile_00073_00196.tif,73_196,mosaico,mosaico,196,73,266342.49,8669574.57,0,,0.0,bajo,bajo,True,0.7909,0.1207,0.0884
tile_00081_00196.tif,81_196,mosaico,mosaico,196,81,269209.69,8669574.57,0,,0.0,bajo,bajo,True,0.8601,0.0509,0.089
tile_00120_00196.tif,120_196,mosaico,mosaico,196,120,283187.29,8669574.57,1,,1.0,medio,alto,False,0.0803,0.1033,0.8164
tile_00121_00196.tif,121_196,mosaico,mosaico,196,121,283545.69,8669574.57,0,,0.0,bajo,alto,False,0.2421,0.3535,0.4044
tile_00130_00196.tif,130_196,mosaico,mosaico,196,130,286771.29,8669574.57,0,,0.0,bajo,bajo,True,0.6265,0.2444,0.1291
tile_00138_00196.tif,138_196,mosaico,mosaico,196,138,289638.49,8669574.57,0,,0.0,bajo,medio,False,0.2071,0.5268,0.2661
tile_00144_00196.tif,144_196,mosaico,mosaico,196,144,291788.89,8669574.57,0,,0.0,bajo,medio,False,0.3307,0.442,0.2274
tile_00145_00196.tif,145_196,mosaico,mosaico,196,145,292147.29,8669574.57,0,,0.0,bajo,medio,False,0.2206,0.4975,0.2818
tile_00077_00197.tif,77_197,mosaico,mosaico,197,77,267776.09,8669216.17,0,,0.0,bajo,bajo,True,0.8359,0.114,0.0501
tile_00126_00197.tif,126_197,mosaico,mosaico,197,126,285337.69,8669216.17,0,,0.0,bajo,bajo,True,0.7987,0.1588,0.0424
tile_00128_00197.tif,128_197,mosaico,mosaico,197,128,286054.49,8669216.17,1,,1.0,medio,medio,True,0.3625,0.4756,0.1619
tile_00131_00197.tif,131_197,mosaico,mosaico,197,131,287129.69,8669216.17,3,,3.0,medio,medio,True,0.1502,0.6409,0.2088
tile_00136_00197.tif,136_197,mosaico,mosaico,197,136,288921.69,8669216.17,0,,0.0,bajo,medio,False,0.248,0.408,0.3441
tile_00142_00197.tif,142_197,mosaico,mosaico,197,142,291072.09,8669216.17,1,,1.0,medio,bajo,False,0.6981,0.1805,0.1214
tile_00147_00197.tif,147_197,mosaico,mosaico,197,147,292864.09,8669216.17,0,,0.0,bajo,bajo,True,0.4865,0.2905,0.223
tile_00075_00198.tif,75_198,mosaico,mosaico,198,75,267059.29,8668857.77,0,,0.0,bajo,bajo,True,0.5814,0.3655,0.0531
tile_00121_00198.tif,121_198,mosaico,mosaico,198,121,283545.69,8668857.77,0,,0.0,bajo,medio,False,0.0903,0.4949,0.4147
tile_00130_00198.tif,130_198,mosaico,mosaico,198,130,286771.29,8668857.77,2,,2.0,medio,alto,False,0.0631,0.2772,0.6597
tile_00075_00199.tif,75_199,mosaico,mosaico,199,75,267059.29,8668499.37,0,,0.0,bajo,medio,False,0.2295,0.4906,0.2799
tile_00079_00199.tif,79_199,mosaico,mosaico,199,79,268492.89,8668499.37,5,,5.0,alto,medio,False,0.3839,0.4511,0.1651
tile_00107_00199.tif,107_199,mosaico,mosaico,199,107,278528.09,8668499.37,5,,5.0,alto,alto,True,0.0204,0.2822,0.6974
tile_00109_00199.tif,109_199,mosaico,mosaico,199,109,279244.89,8668499.37,6,,6.0,alto,medio,False,0.0702,0.5705,0.3594
tile_00111_00199.tif,111_199,mosaico,mosaico,199,111,279961.69,8668499.37,4,,4.0,alto,alto,True,0.3403,0.2698,0.3899
tile_00113_00199.tif,113_199,mosaico,mosaico,199,113,280678.49,8668499.37,20,,20.0,alto,alto,True,0.0701,0.1594,0.7705
tile_00124_00199.tif,124_199,mosaico,mosaico,199,124,284620.89,8668499.37,0,,0.0,bajo,bajo,True,0.7679,0.1918,0.0403
tile_00135_00199.tif,135_199,mosaico,mosaico,199,135,288563.29,8668499.37,2,,2.0,medio,alto,False,0.2541,0.3217,0.4242
tile_00136_00199.tif,136_199,mosaico,mosaico,199,136,288921.69,8668499.37,1,,1.0,medio,medio,True,0.0911,0.5463,0.3625
tile_00140_00199.tif,140_199,mosaico,mosaico,199,140,290355.29,8668499.37,3,,3.0,medio,medio,True,0.167,0.5444,0.2886
tile_00145_00199.tif,145_199,mosaico,mosaico,199,145,292147.29,8668499.37,0,,0.0,bajo,bajo,True,0.772,0.1482,0.0798
tile_00075_00200.tif,75_200,mosaico,mosaico,200,75,267059.29,8668140.97,1,,1.0,medio,alto,False,0.2358,0.3631,0.4011
tile_00076_00200.tif,76_200,mosaico,mosaico,200,76,267417.69,8668140.97,0,,0.0,bajo,bajo,True,0.7526,0.1908,0.0566
tile_00108_00200.tif,108_200,mosaico,mosaico,200,108,278886.49,8668140.97,5,,5.0,alto,alto,True,0.0192,0.1349,0.8459
tile_00111_00200.tif,111_200,mosaico,mosaico,200,111,279961.69,8668140.97,11,,11.0,alto,alto,True,0.0827,0.129,0.7883
tile_00129_00200.tif,129_200,mosaico,mosaico,200,129,286412.89,8668140.97,3,,3.0,medio,alto,False,0.0224,0.1944,0.7832
tile_00076_00201.tif,76_201,mosaico,mosaico,201,76,267417.69,8667782.57,5,,5.0,alto,alto,True,0.2767,0.2826,0.4407
tile_00080_00201.tif,80_201,mosaico,mosaico,201,80,268851.29,8667782.57,13,,13.0,alto,alto,True,0.1506,0.1779,0.6715
tile_00108_00201.tif,108_201,mosaico,mosaico,201,108,278886.49,8667782.57,7,,7.0,alto,medio,False,0.174,0.533,0.293
tile_00114_00201.tif,114_201,mosaico,mosaico,201,114,281036.89,8667782.57,4,,4.0,alto,medio,False,0.1752,0.4843,0.3405
tile_00121_00201.tif,121_201,mosaico,mosaico,201,121,283545.69,8667782.57,5,,5.0,alto,medio,False,0.2628,0.5061,0.2311
tile_00133_00201.tif,133_201,mosaico,mosaico,201,133,287846.49,8667782.57,1,,1.0,medio,alto,False,0.1017,0.3774,0.521
tile_00146_00201.tif,146_201,mosaico,mosaico,201,146,292505.69,8667782.57,0,,0.0,bajo,bajo,True,0.7917,0.1375,0.0709
tile_00076_00202.tif,76_202,mosaico,mosaico,202,76,267417.69,8667424.17,10,,10.0,alto,alto,True,0.1257,0.168,0.7063
tile_00079_00202.tif,79_202,mosaico,mosaico,202,79,268492.89,8667424.17,0,,0.0,bajo,alto,False,0.1725,0.234,0.5935
tile_00109_00202.tif,109_202,mosaico,mosaico,202,109,279244.89,8667424.17,12,,12.0,alto,alto,True,0.042,0.3299,0.6281
tile_00120_00202.tif,120_202,mosaico,mosaico,202,120,283187.29,8667424.17,0,,0.0,bajo,bajo,True,0.9135,0.0259,0.0606
tile_00127_00202.tif,127_202,mosaico,mosaico,202,127,285696.09,8667424.17,15,,15.0,alto,alto,True,0.107,0.2406,0.6524
tile_00136_00202.tif,136_202,mosaico,mosaico,202,136,288921.69,8667424.17,0,,0.0,bajo,medio,False,0.1915,0.574,0.2345
tile_00074_00203.tif,74_203,mosaico,mosaico,203,74,266700.89,8667065.77,0,,0.0,bajo,alto,False,0.4164,0.0362,0.5474
tile_00079_00203.tif,79_203,mosaico,mosaico,203,79,268492.89,8667065.77,95,,95.0,alto,alto,True,0.1456,0.1266,0.7278
tile_00080_00203.tif,80_203,mosaico,mosaico,203,80,268851.29,8667065.77,3,,3.0,medio,alto,False,0.3271,0.2445,0.4284
tile_00109_00203.tif,109_203,mosaico,mosaico,203,109,279244.89,8667065.77,26,,26.0,alto,alto,True,0.0203,0.1601,0.8196
tile_00111_00203.tif,111_203,mosaico,mosaico,203,111,279961.69,8667065.77,15,,15.0,alto,alto,True,0.0439,0.1807,0.7754
tile_00143_00203.tif,143_203,mosaico,mosaico,203,143,291430.49,8667065.77,0,,0.0,bajo,bajo,True,0.906,0.0416,0.0524
tile_00075_00204.tif,75_204,mosaico,mosaico,204,75,267059.29,8666707.37,6,,6.0,alto,alto,True,0.0251,0.1247,0.8502
tile_00080_00204.tif,80_204,mosaico,mosaico,204,80,268851.29,8666707.37,3,,3.0,medio,medio,True,0.2248,0.4735,0.3017
tile_00105_00204.tif,105_204,mosaico,mosaico,204,105,277811.29,8666707.37,29,,29.0,alto,alto,True,0.0271,0.0365,0.9365
tile_00107_00204.tif,107_204,mosaico,mosaico,204,107,278528.09,8666707.37,35,,35.0,alto,alto,True,0.022,0.2595,0.7185
tile_00110_00204.tif,110_204,mosaico,mosaico,204,110,279603.29,8666707.37,11,,11.0,alto,alto,True,0.0328,0.0911,0.8761
tile_00125_00204.tif,125_204,mosaico,mosaico,204,125,284979.29,8666707.37,13,,13.0,alto,alto,True,0.0437,0.1536,0.8027
tile_00132_00204.tif,132_204,mosaico,mosaico,204,132,287488.09,8666707.37,1,,1.0,medio,medio,True,0.2445,0.5434,0.2121
tile_00139_00204.tif,139_204,mosaico,mosaico,204,139,289996.89,8666707.37,0,,0.0,bajo,bajo,True,0.6166,0.2463,0.1372
tile_00073_00205.tif,73_205,mosaico,mosaico,205,73,266342.49,8666348.97,0,,0.0,bajo,alto,False,0.2445,0.1854,0.5701
tile_00075_00205.tif,75_205,mosaico,mosaico,205,75,267059.29,8666348.97,3,,3.0,medio,alto,False,0.0107,0.1018,0.8876
tile_00105_00205.tif,105_205,mosaico,mosaico,205,105,277811.29,8666348.97,17,,17.0,alto,alto,True,0.0183,0.0371,0.9446
tile_00109_00205.tif,109_205,mosaico,mosaico,205,109,279244.89,8666348.97,9,,9.0,alto,alto,True,0.0124,0.0348,0.9528
tile_00112_00205.tif,112_205,mosaico,mosaico,205,112,280320.09,8666348.97,13,,13.0,alto,alto,True,0.0187,0.0388,0.9425
tile_00113_00205.tif,113_205,mosaico,mosaico,205,113,280678.49,8666348.97,17,,17.0,alto,alto,True,0.0278,0.199,0.7732
tile_00118_00205.tif,118_205,mosaico,mosaico,205,118,282470.49,8666348.97,0,,0.0,bajo,bajo,True,0.6896,0.1052,0.2051
tile_00120_00205.tif,120_205,mosaico,mosaico,205,120,283187.29,8666348.97,0,,0.0,bajo,bajo,True,0.7131,0.2115,0.0754
tile_00121_00205.tif,121_205,mosaico,mosaico,205,121,283545.69,8666348.97,0,,0.0,bajo,bajo,True,0.8696,0.0531,0.0773
tile_00122_00205.tif,122_205,mosaico,mosaico,205,122,283904.09,8666348.97,0,,0.0,bajo,bajo,True,0.9107,0.0296,0.0597
tile_00130_00205.tif,130_205,mosaico,mosaico,205,130,286771.29,8666348.97,9,,9.0,alto,alto,True,0.0212,0.2574,0.7213
tile_00134_00205.tif,134_205,mosaico,mosaico,205,134,288204.89,8666348.97,2,,2.0,medio,alto,False,0.0756,0.368,0.5564
tile_00135_00205.tif,135_205,mosaico,mosaico,205,135,288563.29,8666348.97,3,,3.0,medio,medio,True,0.2807,0.5133,0.2061
tile_00080_00206.tif,80_206,mosaico,mosaico,206,80,268851.29,8665990.57,4,,4.0,alto,alto,True,0.1614,0.2934,0.5452
tile_00116_00206.tif,116_206,mosaico,mosaico,206,116,281753.69,8665990.57,4,,4.0,alto,alto,True,0.0762,0.1938,0.73
tile_00117_00206.tif,117_206,mosaico,mosaico,206,117,282112.09,8665990.57,1,,1.0,medio,alto,False,0.2949,0.259,0.4461
tile_00122_00206.tif,122_206,mosaico,mosaico,206,122,283904.09,8665990.57,0,,0.0,bajo,bajo,True,0.8689,0.0587,0.0725
tile_00130_00206.tif,130_206,mosaico,mosaico,206,130,286771.29,8665990.57,2,,2.0,medio,medio,True,0.1342,0.5495,0.3163
tile_00132_00206.tif,132_206,mosaico,mosaico,206,132,287488.09,8665990.57,2,,2.0,medio,alto,False,0.1413,0.2875,0.5712
tile_00136_00206.tif,136_206,mosaico,mosaico,206,136,288921.69,8665990.57,2,,2.0,medio,bajo,False,0.3906,0.3722,0.2372
tile_00137_00206.tif,137_206,mosaico,mosaico,206,137,289280.09,8665990.57,0,,0.0,bajo,bajo,True,0.4172,0.3565,0.2263
tile_00141_00206.tif,141_206,mosaico,mosaico,206,141,290713.69,8665990.57,0,,0.0,bajo,bajo,True,0.7949,0.0964,0.1087
tile_00081_00207.tif,81_207,mosaico,mosaico,207,81,269209.69,8665632.17,3,,3.0,medio,medio,True,0.205,0.4764,0.3186
tile_00105_00207.tif,105_207,mosaico,mosaico,207,105,277811.29,8665632.17,6,,6.0,alto,alto,True,0.0319,0.1907,0.7775
tile_00106_00207.tif,106_207,mosaico,mosaico,207,106,278169.69,8665632.17,12,,12.0,alto,alto,True,0.0362,0.0373,0.9265
tile_00108_00207.tif,108_207,mosaico,mosaico,207,108,278886.49,8665632.17,9,,9.0,alto,alto,True,0.0025,0.0054,0.9922
tile_00120_00207.tif,120_207,mosaico,mosaico,207,120,283187.29,8665632.17,2,,2.0,medio,alto,False,0.0865,0.1149,0.7986
tile_00123_00207.tif,123_207,mosaico,mosaico,207,123,284262.49,8665632.17,4,,4.0,alto,alto,True,0.1297,0.2655,0.6049
tile_00124_00207.tif,124_207,mosaico,mosaico,207,124,284620.89,8665632.17,4,,4.0,alto,alto,True,0.1131,0.2676,0.6193
tile_00130_00207.tif,130_207,mosaico,mosaico,207,130,286771.29,8665632.17,2,,2.0,medio,medio,True,0.2217,0.3969,0.3814
tile_00135_00207.tif,135_207,mosaico,mosaico,207,135,288563.29,8665632.17,2,,2.0,medio,medio,True,0.2808,0.5082,0.211
tile_00138_00207.tif,138_207,mosaico,mosaico,207,138,289638.49,8665632.17,0,,0.0,bajo,bajo,True,0.8365,0.0565,0.1069
tile_00140_00207.tif,140_207,mosaico,mosaico,207,140,290355.29,8665632.17,0,,0.0,bajo,bajo,True,0.8535,0.0441,0.1025
tile_00103_00208.tif,103_208,mosaico,mosaico,208,103,277094.49,8665273.77,61,,61.0,alto,alto,True,0.0413,0.1291,0.8296
tile_00104_00208.tif,104_208,mosaico,mosaico,208,104,277452.89,8665273.77,15,,15.0,alto,alto,True,0.0496,0.2307,0.7197
tile_00105_00208.tif,105_208,mosaico,mosaico,208,105,277811.29,8665273.77,7,,7.0,alto,alto,True,0.3449,0.2913,0.3638
tile_00114_00208.tif,114_208,mosaico,mosaico,208,114,281036.89,8665273.77,122,,122.0,alto,alto,True,0.0039,0.0052,0.9909
tile_00130_00208.tif,130_208,mosaico,mosaico,208,130,286771.29,8665273.77,3,,3.0,medio,alto,False,0.0712,0.3261,0.6027
tile_00132_00208.tif,132_208,mosaico,mosaico,208,132,287488.09,8665273.77,0,,0.0,bajo,medio,False,0.3271,0.5019,0.171
tile_00139_00208.tif,139_208,mosaico,mosaico,208,139,289996.89,8665273.77,0,,0.0,bajo,bajo,True,0.8883,0.0363,0.0754
tile_00141_00208.tif,141_208,mosaico,mosaico,208,141,290713.69,8665273.77,0,,0.0,bajo,bajo,True,0.8658,0.0391,0.0952
tile_00143_00208.tif,143_208,mosaico,mosaico,208,143,291430.49,8665273.77,0,,0.0,bajo,bajo,True,0.8635,0.0716,0.0649
tile_00077_00209.tif,77_209,mosaico,mosaico,209,77,267776.09,8664915.37,7,,7.0,alto,alto,True,0.107,0.3866,0.5065
tile_00122_00209.tif,122_209,mosaico,mosaico,209,122,283904.09,8664915.37,5,,5.0,alto,alto,True,0.0513,0.1052,0.8435
tile_00125_00209.tif,125_209,mosaico,mosaico,209,125,284979.29,8664915.37,12,,12.0,alto,alto,True,0.1963,0.3592,0.4445
tile_00138_00209.tif,138_209,mosaico,mosaico,209,138,289638.49,8664915.37,0,,0.0,bajo,bajo,True,0.8639,0.0421,0.0941
tile_00080_00210.tif,80_210,mosaico,mosaico,210,80,268851.29,8664556.97,11,,11.0,alto,alto,True,0.0522,0.3201,0.6278
tile_00119_00210.tif,119_210,mosaico,mosaico,210,119,282828.89,8664556.97,9,,9.0,alto,alto,True,0.0241,0.1775,0.7983
tile_00122_00210.tif,122_210,mosaico,mosaico,210,122,283904.09,8664556.97,7,,7.0,alto,alto,True,0.3158,0.2459,0.4382
tile_00130_00210.tif,130_210,mosaico,mosaico,210,130,286771.29,8664556.97,3,,3.0,medio,medio,True,0.2288,0.4601,0.3111
tile_00131_00210.tif,131_210,mosaico,mosaico,210,131,287129.69,8664556.97,6,,6.0,alto,alto,True,0.1472,0.3233,0.5295
tile_00133_00210.tif,133_210,mosaico,mosaico,210,133,287846.49,8664556.97,1,,1.0,medio,bajo,False,0.4329,0.33,0.2371
tile_00143_00210.tif,143_210,mosaico,mosaico,210,143,291430.49,8664556.97,0,,0.0,bajo,bajo,True,0.7828,0.1861,0.0311
tile_00122_00211.tif,122_211,mosaico,mosaico,211,122,283904.09,8664198.57,9,,9.0,alto,medio,False,0.1456,0.525,0.3294
tile_00140_00211.tif,140_211,mosaico,mosaico,211,140,290355.29,8664198.57,0,,0.0,bajo,bajo,True,0.5523,0.3983,0.0494
tile_00134_00212.tif,134_212,mosaico,mosaico,212,134,288204.89,8663840.17,0,,0.0,bajo,bajo,True,0.68,0.2831,0.037
tile_00128_00213.tif,128_213,mosaico,mosaico,213,128,286054.49,8663481.77,0,,0.0,bajo,bajo,True,0.7548,0.2013,0.0439
tile_00129_00213.tif,129_213,mosaico,mosaico,213,129,286412.89,8663481.77,0,,0.0,bajo,bajo,True,0.6806,0.1992,0.1202
tile_00131_00213.tif,131_213,mosaico,mosaico,213,131,287129.69,8663481.77,0,,0.0,bajo,bajo,True,0.5538,0.4258,0.0205
tile_00137_00213.tif,137_213,mosaico,mosaico,213,137,289280.09,8663481.77,0,,0.0,bajo,medio,False,0.3995,0.517,0.0834
tile_00137_00214.tif,137_214,mosaico,mosaico,214,137,289280.09,8663123.37,0,,0.0,bajo,bajo,True,0.5849,0.3591,0.056
